Id,BillingCity,BillingCountry,BillingState,Industry,Name,Phone
001T700001j22T7IAI,New York,US,NY,Technology,MDD_1flyyIo0_Acct_001,555-0001
001T700001j22T8IAI,Chicago,US,IL,Technology,MDD_1flyyIo0_Acct_002,555-0002
001T700001j22T9IAI,Austin,US,TX,Technology,MDD_1flyyIo0_Acct_003,555-0003
001T700001j22TAIAY,Seattle,US,WA,Technology,MDD_1flyyIo0_Acct_004,555-0004
001T700001j22TBIAY,San Francisco,US,CA,Technology,MDD_1flyyIo0_Acct_005,555-0005
001T700001j22TCIAY,New York,US,NY,Technology,MDD_1flyyIo0_Acct_006,555-0006
001T700001j22TDIAY,Chicago,US,IL,Technology,MDD_1flyyIo0_Acct_007,555-0007
001T700001j22TEIAY,Austin,US,TX,Technology,MDD_1flyyIo0_Acct_008,555-0008
001T700001j22TFIAY,Seattle,US,WA,Technology,MDD_1flyyIo0_Acct_009,555-0009
001T700001j22TGIAY,San Francisco,US,CA,Technology,MDD_1flyyIo0_Acct_010,555-0010
001T700001j28ALIAY,New York,US,NY,Technology,MDD_B3tbFDyp_Acct_001,555-0001
001T700001j28AMIAY,Chicago,US,IL,Technology,MDD_B3tbFDyp_Acct_002,555-0002
001T700001j28ANIAY,Austin,US,TX,Technology,MDD_B3tbFDyp_Acct_003,555-0003
001T700001j28AOIAY,Seattle,US,WA,Technology,MDD_B3tbFDyp_Acct_004,555-0004
001T700001j28APIAY,San Francisco,US,CA,Technology,MDD_B3tbFDyp_Acct_005,555-0005
001T700001j28AQIAY,New York,US,NY,Technology,MDD_B3tbFDyp_Acct_006,555-0006
001T700001j28ARIAY,Chicago,US,IL,Technology,MDD_B3tbFDyp_Acct_007,555-0007
001T700001j28ASIAY,Austin,US,TX,Technology,MDD_B3tbFDyp_Acct_008,555-0008
001T700001j28ATIAY,Seattle,US,WA,Technology,MDD_B3tbFDyp_Acct_009,555-0009
001T700001j28AUIAY,San Francisco,US,CA,Technology,MDD_B3tbFDyp_Acct_010,555-0010
001T700001j2L1HIAU,New York,US,NY,Technology,MDD_XMytfguB_Acct_001,555-0001
001T700001j2L1IIAU,Chicago,US,IL,Technology,MDD_XMytfguB_Acct_002,555-0002
001T700001j2L1JIAU,Austin,US,TX,Technology,MDD_XMytfguB_Acct_003,555-0003
001T700001j2L1KIAU,Seattle,US,WA,Technology,MDD_XMytfguB_Acct_004,555-0004
001T700001j2L1LIAU,San Francisco,US,CA,Technology,MDD_XMytfguB_Acct_005,555-0005
001T700001j2L1MIAU,New York,US,NY,Technology,MDD_XMytfguB_Acct_006,555-0006
001T700001j2L1NIAU,Chicago,US,IL,Technology,MDD_XMytfguB_Acct_007,555-0007
001T700001j2L1OIAU,Austin,US,TX,Technology,MDD_XMytfguB_Acct_008,555-0008
001T700001j2L1PIAU,Seattle,US,WA,Technology,MDD_XMytfguB_Acct_009,555-0009
001T700001j2L1QIAU,San Francisco,US,CA,Technology,MDD_XMytfguB_Acct_010,555-0010
001T700001j2P3HIAU,New York,US,NY,Technology,MDD_V0YxhA8J_Acct_001,555-0001
001T700001j2P3IIAU,Chicago,US,IL,Technology,MDD_V0YxhA8J_Acct_002,555-0002
001T700001j2P3JIAU,Austin,US,TX,Technology,MDD_V0YxhA8J_Acct_003,555-0003
001T700001j2P3KIAU,Seattle,US,WA,Technology,MDD_V0YxhA8J_Acct_004,555-0004
001T700001j2P3LIAU,San Francisco,US,CA,Technology,MDD_V0YxhA8J_Acct_005,555-0005
001T700001j2P3MIAU,New York,US,NY,Technology,MDD_V0YxhA8J_Acct_006,555-0006
001T700001j2P3NIAU,Chicago,US,IL,Technology,MDD_V0YxhA8J_Acct_007,555-0007
001T700001j2P3OIAU,Austin,US,TX,Technology,MDD_V0YxhA8J_Acct_008,555-0008
001T700001j2P3PIAU,Seattle,US,WA,Technology,MDD_V0YxhA8J_Acct_009,555-0009
001T700001j2P3QIAU,San Francisco,US,CA,Technology,MDD_V0YxhA8J_Acct_010,555-0010
001T700001j2Q91IAE,New York,US,NY,Technology,MDD_dfnLBJ0H_Acct_001,555-0001
001T700001j2Q92IAE,Chicago,US,IL,Technology,MDD_dfnLBJ0H_Acct_002,555-0002
001T700001j2Q93IAE,Austin,US,TX,Technology,MDD_dfnLBJ0H_Acct_003,555-0003
001T700001j2Q94IAE,Seattle,US,WA,Technology,MDD_dfnLBJ0H_Acct_004,555-0004
001T700001j2Q95IAE,San Francisco,US,CA,Technology,MDD_dfnLBJ0H_Acct_005,555-0005
001T700001j2Q96IAE,New York,US,NY,Technology,MDD_dfnLBJ0H_Acct_006,555-0006
001T700001j2Q97IAE,Chicago,US,IL,Technology,MDD_dfnLBJ0H_Acct_007,555-0007
001T700001j2Q98IAE,Austin,US,TX,Technology,MDD_dfnLBJ0H_Acct_008,555-0008
001T700001j2Q99IAE,Seattle,US,WA,Technology,MDD_dfnLBJ0H_Acct_009,555-0009
001T700001j2Q9AIAU,San Francisco,US,CA,Technology,MDD_dfnLBJ0H_Acct_010,555-0010
001T700001j2R3TIAU,New York,US,NY,Technology,MDD_aKxiYVjT_Acct_001,555-0001
001T700001j2R3UIAU,Chicago,US,IL,Technology,MDD_aKxiYVjT_Acct_002,555-0002
001T700001j2R3VIAU,Austin,US,TX,Technology,MDD_aKxiYVjT_Acct_003,555-0003
001T700001j2R3WIAU,Seattle,US,WA,Technology,MDD_aKxiYVjT_Acct_004,555-0004
001T700001j2R3XIAU,San Francisco,US,CA,Technology,MDD_aKxiYVjT_Acct_005,555-0005
001T700001j2R3YIAU,New York,US,NY,Technology,MDD_aKxiYVjT_Acct_006,555-0006
001T700001j2R3ZIAU,Chicago,US,IL,Technology,MDD_aKxiYVjT_Acct_007,555-0007
001T700001j2R3aIAE,Austin,US,TX,Technology,MDD_aKxiYVjT_Acct_008,555-0008
001T700001j2R3bIAE,Seattle,US,WA,Technology,MDD_aKxiYVjT_Acct_009,555-0009
001T700001j2R3cIAE,San Francisco,US,CA,Technology,MDD_aKxiYVjT_Acct_010,555-0010
001T700001j2TgDIAU,New York,US,NY,Technology,MDD_tmKqr3BG_Acct_001,555-0001
001T700001j2TgEIAU,Chicago,US,IL,Technology,MDD_tmKqr3BG_Acct_002,555-0002
001T700001j2TgFIAU,Austin,US,TX,Technology,MDD_tmKqr3BG_Acct_003,555-0003
001T700001j2TgGIAU,Seattle,US,WA,Technology,MDD_tmKqr3BG_Acct_004,555-0004
001T700001j2TgHIAU,San Francisco,US,CA,Technology,MDD_tmKqr3BG_Acct_005,555-0005
001T700001j2TgIIAU,New York,US,NY,Technology,MDD_tmKqr3BG_Acct_006,555-0006
001T700001j2TgJIAU,Chicago,US,IL,Technology,MDD_tmKqr3BG_Acct_007,555-0007
001T700001j2TgKIAU,Austin,US,TX,Technology,MDD_tmKqr3BG_Acct_008,555-0008
001T700001j2TgLIAU,Seattle,US,WA,Technology,MDD_tmKqr3BG_Acct_009,555-0009
001T700001j2TgMIAU,San Francisco,US,CA,Technology,MDD_tmKqr3BG_Acct_010,555-0010
001T700001j2wjpIAA,New York,US,NY,Technology,MDD_joJG7C0o_Acct_001,555-0001
001T700001j2wjqIAA,Chicago,US,IL,Technology,MDD_joJG7C0o_Acct_002,555-0002
001T700001j2wjrIAA,Austin,US,TX,Technology,MDD_joJG7C0o_Acct_003,555-0003
001T700001j2wjsIAA,Seattle,US,WA,Technology,MDD_joJG7C0o_Acct_004,555-0004
001T700001j2wjtIAA,San Francisco,US,CA,Technology,MDD_joJG7C0o_Acct_005,555-0005
001T700001j2wjuIAA,New York,US,NY,Technology,MDD_joJG7C0o_Acct_006,555-0006
001T700001j2wjvIAA,Chicago,US,IL,Technology,MDD_joJG7C0o_Acct_007,555-0007
001T700001j2wjwIAA,Austin,US,TX,Technology,MDD_joJG7C0o_Acct_008,555-0008
001T700001j2wjxIAA,Seattle,US,WA,Technology,MDD_joJG7C0o_Acct_009,555-0009
001T700001j2wjyIAA,San Francisco,US,CA,Technology,MDD_joJG7C0o_Acct_010,555-0010
001T700001kNBKjIAO,New York,US,NY,Technology,MDD_86JjLbZZ_Acct_001,555-0001
001T700001kNBKkIAO,Chicago,US,IL,Technology,MDD_86JjLbZZ_Acct_002,555-0002
001T700001kNBKlIAO,Austin,US,TX,Technology,MDD_86JjLbZZ_Acct_003,555-0003
001T700001kNBKmIAO,Seattle,US,WA,Technology,MDD_86JjLbZZ_Acct_004,555-0004
001T700001kNBKnIAO,San Francisco,US,CA,Technology,MDD_86JjLbZZ_Acct_005,555-0005
001T700001kNBKoIAO,New York,US,NY,Technology,MDD_86JjLbZZ_Acct_006,555-0006
001T700001kNBKpIAO,Chicago,US,IL,Technology,MDD_86JjLbZZ_Acct_007,555-0007
001T700001kNBKqIAO,Austin,US,TX,Technology,MDD_86JjLbZZ_Acct_008,555-0008
001T700001kNBKrIAO,Seattle,US,WA,Technology,MDD_86JjLbZZ_Acct_009,555-0009
001T700001kNBKsIAO,San Francisco,US,CA,Technology,MDD_86JjLbZZ_Acct_010,555-0010
001T700001kNpI9IAK,New York,US,NY,Technology,MDD_NY493UAw_Acct_001,555-0001
001T700001kNpIAIA0,Chicago,US,IL,Technology,MDD_NY493UAw_Acct_002,555-0002
001T700001kNpIBIA0,Austin,US,TX,Technology,MDD_NY493UAw_Acct_003,555-0003
001T700001kNpICIA0,Seattle,US,WA,Technology,MDD_NY493UAw_Acct_004,555-0004
001T700001kNpIDIA0,San Francisco,US,CA,Technology,MDD_NY493UAw_Acct_005,555-0005
001T700001kNpIEIA0,New York,US,NY,Technology,MDD_NY493UAw_Acct_006,555-0006
001T700001kNpIFIA0,Chicago,US,IL,Technology,MDD_NY493UAw_Acct_007,555-0007
001T700001kNpIGIA0,Austin,US,TX,Technology,MDD_NY493UAw_Acct_008,555-0008
001T700001kNpIHIA0,Seattle,US,WA,Technology,MDD_NY493UAw_Acct_009,555-0009
001T700001kNpIIIA0,San Francisco,US,CA,Technology,MDD_NY493UAw_Acct_010,555-0010
001T700001kO4hdIAC,New York,US,NY,Technology,MDD_GQQ839jn_Acct_001,555-0001
001T700001kO4heIAC,Chicago,US,IL,Technology,MDD_GQQ839jn_Acct_002,555-0002
001T700001kO4hfIAC,Austin,US,TX,Technology,MDD_GQQ839jn_Acct_003,555-0003
001T700001kO4hgIAC,Seattle,US,WA,Technology,MDD_GQQ839jn_Acct_004,555-0004
001T700001kO4hhIAC,San Francisco,US,CA,Technology,MDD_GQQ839jn_Acct_005,555-0005
001T700001kO4hiIAC,New York,US,NY,Technology,MDD_GQQ839jn_Acct_006,555-0006
001T700001kO4hjIAC,Chicago,US,IL,Technology,MDD_GQQ839jn_Acct_007,555-0007
001T700001kO4hkIAC,Austin,US,TX,Technology,MDD_GQQ839jn_Acct_008,555-0008
001T700001kO4hlIAC,Seattle,US,WA,Technology,MDD_GQQ839jn_Acct_009,555-0009
001T700001kO4hmIAC,San Francisco,US,CA,Technology,MDD_GQQ839jn_Acct_010,555-0010
001T700001kO6uPIAS,New York,US,NY,Technology,MDD_7x9UbVFO_Acct_001,555-0001
001T700001kO6uQIAS,Chicago,US,IL,Technology,MDD_7x9UbVFO_Acct_002,555-0002
001T700001kO6uRIAS,Austin,US,TX,Technology,MDD_7x9UbVFO_Acct_003,555-0003
001T700001kO6uSIAS,Seattle,US,WA,Technology,MDD_7x9UbVFO_Acct_004,555-0004
001T700001kO6uTIAS,San Francisco,US,CA,Technology,MDD_7x9UbVFO_Acct_005,555-0005
001T700001kO6uUIAS,New York,US,NY,Technology,MDD_7x9UbVFO_Acct_006,555-0006
001T700001kO6uVIAS,Chicago,US,IL,Technology,MDD_7x9UbVFO_Acct_007,555-0007
001T700001kO6uWIAS,Austin,US,TX,Technology,MDD_7x9UbVFO_Acct_008,555-0008
001T700001kO6uXIAS,Seattle,US,WA,Technology,MDD_7x9UbVFO_Acct_009,555-0009
001T700001kO6uYIAS,San Francisco,US,CA,Technology,MDD_7x9UbVFO_Acct_010,555-0010
001T700001kOA9rIAG,New York,US,NY,Technology,MDD_YvxufebZ_Acct_001,555-0001
001T700001kOA9sIAG,Chicago,US,IL,Technology,MDD_YvxufebZ_Acct_002,555-0002
001T700001kOA9tIAG,Austin,US,TX,Technology,MDD_YvxufebZ_Acct_003,555-0003
001T700001kOA9uIAG,Seattle,US,WA,Technology,MDD_YvxufebZ_Acct_004,555-0004
001T700001kOA9vIAG,San Francisco,US,CA,Technology,MDD_YvxufebZ_Acct_005,555-0005
001T700001kOA9wIAG,New York,US,NY,Technology,MDD_YvxufebZ_Acct_006,555-0006
001T700001kOA9xIAG,Chicago,US,IL,Technology,MDD_YvxufebZ_Acct_007,555-0007
001T700001kOA9yIAG,Austin,US,TX,Technology,MDD_YvxufebZ_Acct_008,555-0008
001T700001kOA9zIAG,Seattle,US,WA,Technology,MDD_YvxufebZ_Acct_009,555-0009
001T700001kOAA0IAO,San Francisco,US,CA,Technology,MDD_YvxufebZ_Acct_010,555-0010
